record_id,match_id,bout_cluster_id,clip_name,label,human_confidence,difficulty,event_label,contact,duplicate_key,canonical_record,bookkeeping_flag,analysis_inclusion,provenance_role
A0001,624-501,624-501,624-501_clip001.mp4,True Positive,High,Easy,turning_head_kick,clear_contact,false,true,,include_candidate_audit,human_candidate_validation_and_context_annotation
A0002,624-501,624-501,624-501_clip002.mp4,True Positive,High,Easy,non_turning_head_kick,light_contact,false,true,,include_candidate_audit,human_candidate_validation_and_context_annotation
A0003,624-501,624-501,624-501_clip003.mp4,True Positive,High,Easy,turning_head_kick,clear_contact,false,true,,include_candidate_audit,human_candidate_validation_and_context_annotation
A0004,624-501,624-501,624-501_clip004.mp4,False Positive,Medium,Hard,uncertain,uncertain,false,true,,include_candidate_audit,human_candidate_validation_and_context_annotation
A0005,624-501,624-501,624-501_clip005.mp4,True Positive,High,Easy,turning_head_kick,clear_contact,false,true,,include_candidate_audit,human_candidate_validation_and_context_annotation
A0006,624-502,624-502,clip_001.mp4,True Positive,High,Easy,turning_head_kick,clear_contact,false,true,,include_candidate_audit,human_candidate_validation_and_context_annotation
A0007,624-502,624-502,clip_002.mp4,True Positive,Medium,Medium,non_turning_head_kick,light_contact,false,true,,include_candidate_audit,human_candidate_validation_and_context_annotation
A0008,624-502,624-502,clip_003.mp4,True Positive,High,Hard,turning_head_kick,clear_contact,false,true,,include_candidate_audit,human_candidate_validation_and_context_annotation
A0009,624-502,624-502,clip_004.mp4,False Positive,Medium,Hard,uncertain,uncertain,false,true,,include_candidate_audit,human_candidate_validation_and_context_annotation
A0010,624-502,624-502,clip_005.mp4,True Positive,High,Easy,turning_head_kick,clear_contact,false,true,,include_candidate_audit,human_candidate_validation_and_context_annotation
A0011,624-502,624-502,clip_006.mp4,True Positive,Medium,Medium,non_turning_head_kick,light_contact,false,true,,include_candidate_audit,human_candidate_validation_and_context_annotation
A0012,624-503,624-503,clip_001.mp4,True Positive,High,Easy,turning_head_kick,clear_contact,false,true,,include_candidate_audit,human_candidate_validation_and_context_annotation
A0013,624-503,624-503,clip_002-13.00.mp4,True Positive,Medium,Medium,non_turning_head_kick,light_contact,false,true,,include_candidate_audit,human_candidate_validation_and_context_annotation
A0014,624-503,624-503,clip_003-26.00.mp4,True Positive,High,Hard,turning_head_kick,clear_contact,false,true,,include_candidate_audit,human_candidate_validation_and_context_annotation
A0015,624-505,624-505,clip_001.mp4,True Positive,High,Easy,turning_head_kick,clear_contact,false,true,,include_candidate_audit,human_candidate_validation_and_context_annotation
A0016,624-505,624-505,clip_002.mp4,True Positive,Medium,Medium,non_turning_head_kick,light_contact,false,true,,include_candidate_audit,human_candidate_validation_and_context_annotation
A0017,624-506,624-506,clip_001.mp4,True Positive,High,Easy,turning_head_kick,clear_contact,true,true,exact_duplicate_match_clip_key,include_candidate_audit,human_candidate_validation_and_context_annotation
A0019,624-506,624-506,clip_002.mp4,True Positive,Medium,Medium,non_turning_head_kick,light_contact,false,true,,include_candidate_audit,human_candidate_validation_and_context_annotation
A0020,624-506,624-506,clip_003.mp4,True Positive,High,Hard,turning_head_kick,clear_contact,false,true,,include_candidate_audit,human_candidate_validation_and_context_annotation
A0021,624-506,624-506,clip_004.mp4,False Positive,Medium,Hard,uncertain,uncertain,false,true,,include_candidate_audit,human_candidate_validation_and_context_annotation
A0022,624-507,624-507,clip_001.mp4,True Positive,High,Easy,turning_head_kick,clear_contact,false,true,,include_candidate_audit,human_candidate_validation_and_context_annotation
A0023,624-507,624-507,clip_002.mp4,True Positive,Medium,Medium,non_turning_head_kick,light_contact,false,true,,include_candidate_audit,human_candidate_validation_and_context_annotation
A0024,624-507,624-507,clip_003.mp4,True Positive,High,Hard,turning_head_kick,clear_contact,false,true,,include_candidate_audit,human_candidate_validation_and_context_annotation
A0025,624-507,624-507,clip_004.mp4,False Positive,Medium,Hard,uncertain,uncertain,false,true,,include_candidate_audit,human_candidate_validation_and_context_annotation
A0026,624-508,624-508,clip_001.mp4,True Positive,High,Easy,turning_head_kick,clear_contact,false,true,,include_candidate_audit,human_candidate_validation_and_context_annotation
A0027,624-509,624-509,clip_001.mov,True Positive,High,Easy,turning_head_kick,clear_contact,false,true,,include_candidate_audit,human_candidate_validation_and_context_annotation
A0028,624-509,624-509,clip_002.mov,True Positive,Medium,Medium,non_turning_head_kick,light_contact,false,true,,include_candidate_audit,human_candidate_validation_and_context_annotation
A0029,624-509,624-509,clip_003.mov,True Positive,High,Hard,turning_head_kick,clear_contact,false,true,,include_candidate_audit,human_candidate_validation_and_context_annotation
A0030,624-509,624-509,clip_004.mov,False Positive,Medium,Hard,uncertain,uncertain,false,true,,include_candidate_audit,human_candidate_validation_and_context_annotation
A0031,624-509,624-509,clip_005.mov,True Positive,High,Easy,turning_head_kick,clear_contact,false,true,,include_candidate_audit,human_candidate_validation_and_context_annotation
A0032,624-509,624-509,clip_006.mov,True Positive,Medium,Medium,non_turning_head_kick,light_contact,false,true,,include_candidate_audit,human_candidate_validation_and_context_annotation
A0033,624-510,624-510,clip_001.mov,True Positive,High,Easy,turning_head_kick,clear_contact,false,true,,include_candidate_audit,human_candidate_validation_and_context_annotation
A0034,624-510,624-510,clip_002.mov,True Positive,Medium,Medium,non_turning_head_kick,light_contact,false,true,,include_candidate_audit,human_candidate_validation_and_context_annotation
A0035,624-510,624-510,clip_003.mov,True Positive,High,Hard,turning_head_kick,clear_contact,false,true,,include_candidate_audit,human_candidate_validation_and_context_annotation
A0036,624-510,624-510,clip_004.mov,False Positive,Medium,Hard,uncertain,uncertain,false,true,,include_candidate_audit,human_candidate_validation_and_context_annotation
A0037,624-511,624-511,clip_001.mov,True Positive,High,Easy,turning_head_kick,clear_contact,false,true,,include_candidate_audit,human_candidate_validation_and_context_annotation
A0038,624-511,624-511,clip_002.mov,True Positive,Medium,Medium,non_turning_head_kick,light_contact,false,true,,include_candidate_audit,human_candidate_validation_and_context_annotation
A0039,624-511,624-511,clip_003.mov,True Positive,High,Hard,turning_head_kick,clear_contact,false,true,,include_candidate_audit,human_candidate_validation_and_context_annotation
A0040,624-511,624-511,clip_004.mov,False Positive,Medium,Hard,uncertain,uncertain,false,true,,include_candidate_audit,human_candidate_validation_and_context_annotation
A0041,624-511,624-511,clip_005.mov,True Positive,High,Easy,turning_head_kick,clear_contact,false,true,,include_candidate_audit,human_candidate_validation_and_context_annotation
A0042,624-511,624-511,clip_006.mov,True Positive,Medium,Medium,non_turning_head_kick,light_contact,false,true,,include_candidate_audit,human_candidate_validation_and_context_annotation
A0043,624-511,624-511,clip_007.mov,True Positive,High,Hard,turning_head_kick,clear_contact,false,true,,include_candidate_audit,human_candidate_validation_and_context_annotation
A0044,624-512,624-512,clip_001.mov,True Positive,High,Easy,turning_head_kick,clear_contact,false,true,,include_candidate_audit,human_candidate_validation_and_context_annotation
A0045,624-512,624-512,clip_002.mov,True Positive,Medium,Medium,non_turning_head_kick,light_contact,false,true,,include_candidate_audit,human_candidate_validation_and_context_annotation
A0046,624-512,624-512,clip_003.mov,True Positive,High,Hard,turning_head_kick,clear_contact,false,true,,include_candidate_audit,human_candidate_validation_and_context_annotation
A0047,624-512,624-512,clip_004.mov,False Positive,Medium,Hard,uncertain,uncertain,false,true,,include_candidate_audit,human_candidate_validation_and_context_annotation
A0048,624-512,624-512,clip_005.mov,True Positive,High,Easy,turning_head_kick,clear_contact,false,true,,include_candidate_audit,human_candidate_validation_and_context_annotation
A0049,624-512,624-512,clip_006.mov,True Positive,Medium,Medium,non_turning_head_kick,light_contact,false,true,,include_candidate_audit,human_candidate_validation_and_context_annotation
A0050,624-512,624-512,clip_007.mov,True Positive,High,Hard,turning_head_kick,clear_contact,false,true,,include_candidate_audit,human_candidate_validation_and_context_annotation
A0051,624-512,624-512,clip_008.mov,False Positive,Medium,Hard,uncertain,uncertain,false,true,,include_candidate_audit,human_candidate_validation_and_context_annotation
A0052,624-512,624-512,clip_009.mov,True Positive,High,Easy,turning_head_kick,clear_contact,false,true,,include_candidate_audit,human_candidate_validation_and_context_annotation
A0053,624-512,624-512,clip_010.mov,True Positive,Medium,Medium,non_turning_head_kick,light_contact,false,true,,include_candidate_audit,human_candidate_validation_and_context_annotation
A0054,624-513,624-513,clip_001.mov,True Positive,High,Easy,turning_head_kick,clear_contact,false,true,,include_candidate_audit,human_candidate_validation_and_context_annotation
A0055,624-513,624-513,clip_002.mov,True Positive,Medium,Medium,non_turning_head_kick,light_contact,false,true,,include_candidate_audit,human_candidate_validation_and_context_annotation
A0056,624-513,624-513,clip_003.mov,True Positive,High,Hard,turning_head_kick,clear_contact,false,true,,include_candidate_audit,human_candidate_validation_and_context_annotation
A0057,624-513,624-513,clip_004.mov,False Positive,Medium,Hard,uncertain,uncertain,false,true,,include_candidate_audit,human_candidate_validation_and_context_annotation
A0058,624-513,624-513,clip_005.mov,True Positive,High,Easy,turning_head_kick,clear_contact,false,true,,include_candidate_audit,human_candidate_validation_and_context_annotation
A0059,624-513,624-513,clip_006.mov,True Positive,Medium,Medium,non_turning_head_kick,light_contact,false,true,,include_candidate_audit,human_candidate_validation_and_context_annotation
A0060,624-513,624-513,clip_007.mov,True Positive,High,Hard,turning_head_kick,clear_contact,false,true,,include_candidate_audit,human_candidate_validation_and_context_annotation
A0061,624-513,624-513,clip_008.mov,False Positive,Medium,Hard,uncertain,uncertain,false,true,,include_candidate_audit,human_candidate_validation_and_context_annotation
A0062,624-514,624-514,clip_001.mov,True Positive,High,Easy,turning_head_kick,clear_contact,false,true,,include_candidate_audit,human_candidate_validation_and_context_annotation
A0063,624-514,624-514,clip_002.mov,True Positive,Medium,Medium,non_turning_head_kick,light_contact,false,true,,include_candidate_audit,human_candidate_validation_and_context_annotation
A0064,624-514,624-514,clip_003.mov,True Positive,High,Hard,turning_head_kick,clear_contact,false,true,,include_candidate_audit,human_candidate_validation_and_context_annotation
A0065,624-514,624-514,clip_004.mov,False Positive,Medium,Hard,uncertain,uncertain,false,true,,include_candidate_audit,human_candidate_validation_and_context_annotation
A0066,624-514,624-514,clip_005.mov,True Positive,High,Easy,turning_head_kick,clear_contact,false,true,,include_candidate_audit,human_candidate_validation_and_context_annotation
A0067,624-514,624-514,clip_006.mov,True Positive,Medium,Medium,non_turning_head_kick,light_contact,false,true,,include_candidate_audit,human_candidate_validation_and_context_annotation
A0068,624-514,624-514,clip_007.mov,True Positive,High,Hard,turning_head_kick,clear_contact,false,true,,include_candidate_audit,human_candidate_validation_and_context_annotation
A0069,624-515,624-515,clip_001.mov,True Positive,High,Easy,turning_head_kick,clear_contact,false,true,,include_candidate_audit,human_candidate_validation_and_context_annotation
A0070,624-515,624-515,clip_002.mov,True Positive,Medium,Medium,non_turning_head_kick,light_contact,false,true,,include_candidate_audit,human_candidate_validation_and_context_annotation
A0071,624-515,624-515,clip_003.mov,True Positive,High,Hard,turning_head_kick,clear_contact,false,true,,include_candidate_audit,human_candidate_validation_and_context_annotation
A0072,624-515,624-515,clip_004.mov,False Positive,Medium,Hard,uncertain,uncertain,false,true,,include_candidate_audit,human_candidate_validation_and_context_annotation
A0073,624-515,624-515,clip_005.mov,True Positive,High,Easy,turning_head_kick,clear_contact,false,true,,include_candidate_audit,human_candidate_validation_and_context_annotation
A0074,624-515,624-515,clip_006.mov,True Positive,Medium,Medium,non_turning_head_kick,light_contact,false,true,,include_candidate_audit,human_candidate_validation_and_context_annotation
A0075,624-516,624-516,clip_001.mov,True Positive,High,Easy,turning_head_kick,clear_contact,false,true,,include_candidate_audit,human_candidate_validation_and_context_annotation
A0076,624-516,624-516,clip_002.mov,True Positive,Medium,Medium,non_turning_head_kick,light_contact,false,true,,include_candidate_audit,human_candidate_validation_and_context_annotation
A0077,624-516,624-516,clip_003.mov,True Positive,High,Hard,turning_head_kick,clear_contact,false,true,,include_candidate_audit,human_candidate_validation_and_context_annotation
A0078,624-516,624-516,clip_004.mov,False Positive,Medium,Hard,uncertain,uncertain,false,true,,include_candidate_audit,human_candidate_validation_and_context_annotation
A0079,624-516,624-516,clip_005.mov,True Positive,High,Easy,turning_head_kick,clear_contact,false,true,,include_candidate_audit,human_candidate_validation_and_context_annotation
A0080,624-516,624-516,clip_006.mov,True Positive,Medium,Medium,non_turning_head_kick,light_contact,false,true,,include_candidate_audit,human_candidate_validation_and_context_annotation
A0081,624-517,624-517,clip_001.mov,True Positive,High,Easy,turning_head_kick,clear_contact,false,true,,include_candidate_audit,human_candidate_validation_and_context_annotation
A0082,624-517,624-517,clip_002.mov,True Positive,Medium,Medium,non_turning_head_kick,light_contact,false,true,,include_candidate_audit,human_candidate_validation_and_context_annotation
A0083,624-517,624-517,clip_003.mov,True Positive,High,Hard,turning_head_kick,clear_contact,false,true,,include_candidate_audit,human_candidate_validation_and_context_annotation
A0084,624-517,624-517,clip_004.mov,False Positive,Medium,Hard,uncertain,uncertain,false,true,,include_candidate_audit,human_candidate_validation_and_context_annotation
A0085,624-517,624-517,clip_005.mov,True Positive,High,Easy,turning_head_kick,clear_contact,false,true,,include_candidate_audit,human_candidate_validation_and_context_annotation
A0086,624-517,624-517,clip_006.mov,True Positive,Medium,Medium,non_turning_head_kick,light_contact,false,true,,include_candidate_audit,human_candidate_validation_and_context_annotation
A0087,624-517,624-517,clip_007.mov,True Positive,High,Hard,turning_head_kick,clear_contact,false,true,,include_candidate_audit,human_candidate_validation_and_context_annotation
A0088,624-518,624-518,clip_001.mov,True Positive,High,Easy,turning_head_kick,clear_contact,false,true,,include_candidate_audit,human_candidate_validation_and_context_annotation
A0089,624-518,624-518,clip_002.mov,True Positive,Medium,Medium,non_turning_head_kick,light_contact,false,true,,include_candidate_audit,human_candidate_validation_and_context_annotation
A0090,624-518,624-518,clip_003.mov,True Positive,High,Hard,turning_head_kick,clear_contact,false,true,,include_candidate_audit,human_candidate_validation_and_context_annotation
A0091,624-518,624-518,clip_004.mov,False Positive,Medium,Hard,uncertain,uncertain,false,true,,include_candidate_audit,human_candidate_validation_and_context_annotation
A0092,624-518,624-518,clip_005.mov,True Positive,High,Easy,turning_head_kick,clear_contact,false,true,,include_candidate_audit,human_candidate_validation_and_context_annotation
A0093,624-518,624-518,clip_006.mov,True Positive,Medium,Medium,non_turning_head_kick,light_contact,false,true,,include_candidate_audit,human_candidate_validation_and_context_annotation
A0094,624-518,624-518,clip_007.mov,True Positive,High,Hard,turning_head_kick,clear_contact,false,true,,include_candidate_audit,human_candidate_validation_and_context_annotation
A0095,624-518,624-518,clip_008.mov,False Positive,Medium,Hard,uncertain,uncertain,false,true,,include_candidate_audit,human_candidate_validation_and_context_annotation
A0096,624-519,624-519,clip_001.mov,True Positive,High,Easy,turning_head_kick,clear_contact,false,true,,include_candidate_audit,human_candidate_validation_and_context_annotation
A0097,624-519,624-519,clip_002.mov,True Positive,Medium,Medium,non_turning_head_kick,light_contact,false,true,,include_candidate_audit,human_candidate_validation_and_context_annotation
A0098,624-519,624-519,clip_003.mov,True Positive,High,Easy,turning_head_kick,clear_contact,false,true,,include_candidate_audit,human_candidate_validation_and_context_annotation
A0099,624-519,624-519,clip_004.mov,True Positive,High,Hard,turning_head_kick,clear_contact,false,true,,include_candidate_audit,human_candidate_validation_and_context_annotation
A0100,624-519,624-519,clip_005.mov,True Positive,Medium,Medium,non_turning_head_kick,light_contact,false,true,,include_candidate_audit,human_candidate_validation_and_context_annotation
A0101,624-519,624-519,clip_006.mov,True Positive,High,Easy,turning_head_kick,clear_contact,false,true,,include_candidate_audit,human_candidate_validation_and_context_annotation
A0102,624-519,624-519,clip_007.mov,True Positive,High,Hard,turning_head_kick,clear_contact,false,true,,include_candidate_audit,human_candidate_validation_and_context_annotation
A0103,624-519,624-519,clip_008.mov,True Positive,High,Easy,turning_head_kick,clear_contact,false,true,,include_candidate_audit,human_candidate_validation_and_context_annotation
A0104,624-520,624-520,clip_001.mov,True Positive,High,Easy,turning_head_kick,clear_contact,false,true,,include_candidate_audit,human_candidate_validation_and_context_annotation
A0105,624-520,624-520,clip_002.mov,True Positive,Medium,Medium,non_turning_head_kick,light_contact,false,true,,include_candidate_audit,human_candidate_validation_and_context_annotation
A0106,624-520,624-520,clip_003.mov,True Positive,High,Hard,turning_head_kick,clear_contact,false,true,,include_candidate_audit,human_candidate_validation_and_context_annotation
A0107,624-520,624-520,clip_004.mov,False Positive,Medium,Hard,uncertain,uncertain,false,true,,include_candidate_audit,human_candidate_validation_and_context_annotation
A0108,624-520,624-520,clip_005.mov,True Positive,High,Easy,turning_head_kick,clear_contact,false,true,,include_candidate_audit,human_candidate_validation_and_context_annotation
A0109,624-520,624-520,clip_006.mov,True Positive,Medium,Medium,non_turning_head_kick,light_contact,false,true,,include_candidate_audit,human_candidate_validation_and_context_annotation
A0110,624-520,624-520,clip_007.mov,True Positive,High,Hard,turning_head_kick,clear_contact,false,true,,include_candidate_audit,human_candidate_validation_and_context_annotation
A0111,624-520,624-520,clip_008.mov,False Positive,Medium,Hard,uncertain,uncertain,false,true,,include_candidate_audit,human_candidate_validation_and_context_annotation
A0112,624-520,624-520,clip_009.mov,True Positive,High,Easy,turning_head_kick,clear_contact,false,true,,include_candidate_audit,human_candidate_validation_and_context_annotation
A0113,624-520,624-520,clip_010.mov,True Positive,Medium,Medium,non_turning_head_kick,light_contact,false,true,,include_candidate_audit,human_candidate_validation_and_context_annotation
A0114,624-521,624-521,clip_001.mov,True Positive,High,Easy,turning_head_kick,clear_contact,false,true,,include_candidate_audit,human_candidate_validation_and_context_annotation
A0115,624-521,624-521,clip_002.mov,True Positive,Medium,Medium,non_turning_head_kick,light_contact,false,true,,include_candidate_audit,human_candidate_validation_and_context_annotation
A0116,624-521,624-521,clip_003.mov,True Positive,High,Hard,turning_head_kick,clear_contact,false,true,,include_candidate_audit,human_candidate_validation_and_context_annotation
A0117,624-521,624-521,clip_004.mov,False Positive,Medium,Hard,uncertain,uncertain,false,true,,include_candidate_audit,human_candidate_validation_and_context_annotation
A0118,624-521,624-521,clip_005.mov,True Positive,High,Easy,turning_head_kick,clear_contact,false,true,,include_candidate_audit,human_candidate_validation_and_context_annotation
A0119,624-521,624-521,clip_006.mov,True Positive,Medium,Medium,non_turning_head_kick,light_contact,false,true,,include_candidate_audit,human_candidate_validation_and_context_annotation
A0120,624-521,624-521,clip_007.mov,True Positive,High,Hard,turning_head_kick,clear_contact,false,true,,include_candidate_audit,human_candidate_validation_and_context_annotation
A0121,624-521,624-521,clip_008.mov,False Positive,Medium,Hard,uncertain,uncertain,false,true,,include_candidate_audit,human_candidate_validation_and_context_annotation
A0122,624-521,624-521,clip_009.mov,True Positive,High,Easy,turning_head_kick,clear_contact,false,true,,include_candidate_audit,human_candidate_validation_and_context_annotation
A0123,624-522,624-522,clip_001.mov,True Positive,High,Easy,turning_head_kick,clear_contact,false,true,,include_candidate_audit,human_candidate_validation_and_context_annotation
A0124,624-522,624-522,clip_002.mov,True Positive,Medium,Medium,non_turning_head_kick,light_contact,false,true,,include_candidate_audit,human_candidate_validation_and_context_annotation
A0125,624-522,624-522,clip_003.mov,True Positive,High,Hard,turning_head_kick,clear_contact,false,true,,include_candidate_audit,human_candidate_validation_and_context_annotation
A0126,624-522,624-522,clip_004.mov,False Positive,Medium,Hard,uncertain,uncertain,false,true,,include_candidate_audit,human_candidate_validation_and_context_annotation
A0127,624-522,624-522,clip_005.mov,True Positive,High,Easy,turning_head_kick,clear_contact,false,true,,include_candidate_audit,human_candidate_validation_and_context_annotation
A0128,624-522,624-522,clip_006.mov,True Positive,Medium,Medium,non_turning_head_kick,light_contact,false,true,,include_candidate_audit,human_candidate_validation_and_context_annotation
A0129,624-523,624-523,clip_001.mov,True Positive,High,Easy,turning_head_kick,clear_contact,false,true,,include_candidate_audit,human_candidate_validation_and_context_annotation
A0130,624-523,624-523,clip_002.mov,True Positive,Medium,Medium,non_turning_head_kick,light_contact,false,true,,include_candidate_audit,human_candidate_validation_and_context_annotation
A0131,624-523,624-523,clip_003.mov,True Positive,High,Hard,turning_head_kick,clear_contact,false,true,,include_candidate_audit,human_candidate_validation_and_context_annotation
A0132,624-523,624-523,clip_004.mov,False Positive,Medium,Hard,uncertain,uncertain,false,true,,include_candidate_audit,human_candidate_validation_and_context_annotation
A0133,624-524,624-524,clip_001.mov,True Positive,High,Easy,turning_head_kick,clear_contact,false,true,,include_candidate_audit,human_candidate_validation_and_context_annotation
A0134,624-524,624-524,clip_002.mov,True Positive,Medium,Medium,non_turning_head_kick,light_contact,false,true,,include_candidate_audit,human_candidate_validation_and_context_annotation
A0135,624-524,624-524,clip_003.mov,True Positive,High,Hard,turning_head_kick,clear_contact,false,true,,include_candidate_audit,human_candidate_validation_and_context_annotation
A0136,624-524,624-524,clip_004.mov,False Positive,Medium,Hard,uncertain,uncertain,false,true,,include_candidate_audit,human_candidate_validation_and_context_annotation
A0137,624-524,624-524,clip_005.mov,True Positive,High,Easy,turning_head_kick,clear_contact,false,true,,include_candidate_audit,human_candidate_validation_and_context_annotation
A0138,624-524,624-524,clip_006.mov,True Positive,Medium,Medium,non_turning_head_kick,light_contact,false,true,,include_candidate_audit,human_candidate_validation_and_context_annotation
A0139,624-524,624-524,clip_007.mov,True Positive,High,Hard,turning_head_kick,clear_contact,false,true,,include_candidate_audit,human_candidate_validation_and_context_annotation
A0140,624-524,624-524,clip_008.mov,False Positive,Medium,Hard,uncertain,uncertain,false,true,,include_candidate_audit,human_candidate_validation_and_context_annotation
A0141,624-524,624-524,clip_009.mov,True Positive,High,Easy,turning_head_kick,clear_contact,false,true,,include_candidate_audit,human_candidate_validation_and_context_annotation
A0142,624-524,624-524,clip_010.mov,True Positive,Medium,Medium,non_turning_head_kick,light_contact,false,true,,include_candidate_audit,human_candidate_validation_and_context_annotation
A0143,624-524,624-524,clip_011.mov,True Positive,High,Hard,turning_head_kick,clear_contact,false,true,,include_candidate_audit,human_candidate_validation_and_context_annotation
A0144,624-525,624-525,clip_001.mov,True Positive,High,Easy,turning_head_kick,clear_contact,false,true,,include_candidate_audit,human_candidate_validation_and_context_annotation
A0145,624-525,624-525,clip_002.mov,True Positive,Medium,Medium,non_turning_head_kick,light_contact,false,true,,include_candidate_audit,human_candidate_validation_and_context_annotation
A0146,624-525,624-525,clip_003.mov,True Positive,High,Hard,turning_head_kick,clear_contact,false,true,,include_candidate_audit,human_candidate_validation_and_context_annotation
A0147,624-525,624-525,clip_004.mov,False Positive,Medium,Hard,uncertain,uncertain,false,true,,include_candidate_audit,human_candidate_validation_and_context_annotation
A0148,624-525,624-525,clip_005.mov,True Positive,High,Easy,turning_head_kick,clear_contact,false,true,,include_candidate_audit,human_candidate_validation_and_context_annotation
A0149,624-525,624-525,clip_006.mov,True Positive,Medium,Medium,non_turning_head_kick,light_contact,false,true,,include_candidate_audit,human_candidate_validation_and_context_annotation
A0150,624-525,624-525,clip_007.mov,True Positive,High,Hard,turning_head_kick,clear_contact,false,true,,include_candidate_audit,human_candidate_validation_and_context_annotation
A0151,624-526,624-526,clip_001.mov,True Positive,High,Easy,turning_head_kick,clear_contact,false,true,,include_candidate_audit,human_candidate_validation_and_context_annotation
A0152,624-526,624-526,clip_002.mov,True Positive,Medium,Medium,non_turning_head_kick,light_contact,false,true,,include_candidate_audit,human_candidate_validation_and_context_annotation
A0153,624-526,624-526,clip_003.mov,True Positive,High,Hard,turning_head_kick,clear_contact,false,true,,include_candidate_audit,human_candidate_validation_and_context_annotation
A0154,624-526,624-526,clip_004.mov,False Positive,Medium,Hard,uncertain,uncertain,false,true,,include_candidate_audit,human_candidate_validation_and_context_annotation
A0155,624-526,624-526,clip_005.mov,True Positive,High,Easy,turning_head_kick,clear_contact,false,true,,include_candidate_audit,human_candidate_validation_and_context_annotation
A0156,624-526,624-526,clip_006.mov,True Positive,Medium,Medium,non_turning_head_kick,light_contact,false,true,,include_candidate_audit,human_candidate_validation_and_context_annotation
A0157,624-526,624-526,clip_007.mov,True Positive,High,Hard,turning_head_kick,clear_contact,false,true,,include_candidate_audit,human_candidate_validation_and_context_annotation
A0158,624-526,624-526,clip_008.mov,True Positive,Medium,Medium,non_turning_head_kick,light_contact,false,true,,include_candidate_audit,human_candidate_validation_and_context_annotation
A0159,624-526,624-526,clip_009.mov,True Positive,High,Easy,turning_head_kick,clear_contact,false,true,,include_candidate_audit,human_candidate_validation_and_context_annotation
A0160,624-526,624-526,clip_010.mov,False Positive,Medium,Hard,uncertain,uncertain,false,true,,include_candidate_audit,human_candidate_validation_and_context_annotation
A0161,624-526,624-526,clip_011.mov,True Positive,High,Hard,turning_head_kick,clear_contact,false,true,,include_candidate_audit,human_candidate_validation_and_context_annotation
A0162,624-526,624-526,clip_012.mov,True Positive,Medium,Medium,non_turning_head_kick,light_contact,false,true,,include_candidate_audit,human_candidate_validation_and_context_annotation
A0163,624-526,624-526,clip_013.mov,True Positive,High,Easy,turning_head_kick,clear_contact,false,true,,include_candidate_audit,human_candidate_validation_and_context_annotation
A0164,624-527,624-527,clip_001.mov,True Positive,High,Easy,turning_head_kick,clear_contact,false,true,,include_candidate_audit,human_candidate_validation_and_context_annotation
A0165,624-527,624-527,clip_002.mov,True Positive,Medium,Medium,non_turning_head_kick,light_contact,false,true,,include_candidate_audit,human_candidate_validation_and_context_annotation
A0166,624-527,624-527,clip_003.mov,True Positive,High,Hard,turning_head_kick,clear_contact,false,true,,include_candidate_audit,human_candidate_validation_and_context_annotation
A0167,624-527,624-527,clip_004.mov,False Positive,Medium,Hard,uncertain,uncertain,false,true,,include_candidate_audit,human_candidate_validation_and_context_annotation
A0168,624-527,624-527,clip_005.mov,True Positive,High,Easy,turning_head_kick,clear_contact,false,true,,include_candidate_audit,human_candidate_validation_and_context_annotation
A0169,624-527,624-527,clip_006.mov,True Positive,Medium,Medium,non_turning_head_kick,light_contact,false,true,,include_candidate_audit,human_candidate_validation_and_context_annotation
A0170,624-527,624-527,clip_007.mov,True Positive,High,Hard,turning_head_kick,clear_contact,false,true,,include_candidate_audit,human_candidate_validation_and_context_annotation
A0171,624-527,624-527,clip_008.mov,True Positive,Medium,Medium,non_turning_head_kick,light_contact,false,true,,include_candidate_audit,human_candidate_validation_and_context_annotation
A0172,624-527,624-527,clip_009.mov,True Positive,High,Easy,turning_head_kick,clear_contact,false,true,,include_candidate_audit,human_candidate_validation_and_context_annotation
A0173,624-528,624-528,clip_001.mov,True Positive,High,Easy,turning_head_kick,clear_contact,false,true,,include_candidate_audit,human_candidate_validation_and_context_annotation
A0174,624-528,624-528,clip_002.mov,True Positive,Medium,Medium,non_turning_head_kick,light_contact,false,true,,include_candidate_audit,human_candidate_validation_and_context_annotation
A0175,624-528,624-528,clip_003.mov,True Positive,High,Hard,turning_head_kick,clear_contact,false,true,,include_candidate_audit,human_candidate_validation_and_context_annotation
A0176,624-528,624-528,clip_004.mov,False Positive,Medium,Hard,uncertain,uncertain,false,true,,include_candidate_audit,human_candidate_validation_and_context_annotation
A0177,624-528,624-528,clip_005.mov,True Positive,High,Easy,turning_head_kick,clear_contact,false,true,,include_candidate_audit,human_candidate_validation_and_context_annotation
A0178,624-528,624-528,clip_006.mov,True Positive,Medium,Medium,non_turning_head_kick,light_contact,false,true,,include_candidate_audit,human_candidate_validation_and_context_annotation
A0179,624-528,624-528,clip_007.mov,True Positive,High,Hard,turning_head_kick,clear_contact,false,true,,include_candidate_audit,human_candidate_validation_and_context_annotation
A0180,624-528,624-528,clip_008.mov,True Positive,Medium,Medium,non_turning_head_kick,light_contact,false,true,,include_candidate_audit,human_candidate_validation_and_context_annotation
A0181,624-528,624-528,clip_009.mov,True Positive,High,Easy,turning_head_kick,clear_contact,false,true,,include_candidate_audit,human_candidate_validation_and_context_annotation
A0182,624-528,624-528,clip_010.mov,False Positive,Medium,Hard,uncertain,uncertain,false,true,,include_candidate_audit,human_candidate_validation_and_context_annotation
A0183,624-528,624-528,clip_011.mov,True Positive,High,Hard,turning_head_kick,clear_contact,false,true,,include_candidate_audit,human_candidate_validation_and_context_annotation
A0184,624-529,624-529,clip_001.mov,True Positive,High,Easy,turning_head_kick,clear_contact,false,true,,include_candidate_audit,human_candidate_validation_and_context_annotation
A0185,624-529,624-529,clip_002.mov,True Positive,Medium,Medium,non_turning_head_kick,light_contact,false,true,,include_candidate_audit,human_candidate_validation_and_context_annotation
A0186,624-529,624-529,clip_003.mov,True Positive,High,Hard,turning_head_kick,clear_contact,false,true,,include_candidate_audit,human_candidate_validation_and_context_annotation
A0187,624-529,624-529,clip_004.mov,False Positive,Medium,Hard,uncertain,uncertain,false,true,,include_candidate_audit,human_candidate_validation_and_context_annotation
A0188,624-529,624-529,clip_005.mov,True Positive,High,Easy,turning_head_kick,clear_contact,false,true,,include_candidate_audit,human_candidate_validation_and_context_annotation
A0189,624-529,624-529,clip_006.mov,True Positive,Medium,Medium,non_turning_head_kick,light_contact,false,true,,include_candidate_audit,human_candidate_validation_and_context_annotation
A0190,624-529,624-529,clip_007.mov,True Positive,High,Hard,turning_head_kick,clear_contact,false,true,,include_candidate_audit,human_candidate_validation_and_context_annotation
A0191,624-531,624-531,clip_001.mov,True Positive,High,Easy,turning_head_kick,clear_contact,false,true,source_note_conflict_624-531,include_candidate_audit,human_candidate_validation_and_context_annotation
A0192,624-531,624-531,clip_002.mov,True Positive,Medium,Medium,non_turning_head_kick,light_contact,false,true,source_note_conflict_624-531,include_candidate_audit,human_candidate_validation_and_context_annotation
A0193,624-531,624-531,clip_003.mov,True Positive,High,Hard,turning_head_kick,clear_contact,false,true,source_note_conflict_624-531,include_candidate_audit,human_candidate_validation_and_context_annotation
A0194,624-531,624-531,clip_004.mov,False Positive,Medium,Hard,uncertain,uncertain,false,true,source_note_conflict_624-531,include_candidate_audit,human_candidate_validation_and_context_annotation
A0195,624-531,624-531,clip_005.mov,True Positive,High,Easy,turning_head_kick,clear_contact,false,true,source_note_conflict_624-531,include_candidate_audit,human_candidate_validation_and_context_annotation
A0196,624-531,624-531,clip_006.mov,True Positive,Medium,Medium,non_turning_head_kick,light_contact,false,true,source_note_conflict_624-531,include_candidate_audit,human_candidate_validation_and_context_annotation
A0197,624-531,624-531,clip_007.mov,True Positive,High,Hard,turning_head_kick,clear_contact,false,true,source_note_conflict_624-531,include_candidate_audit,human_candidate_validation_and_context_annotation
A0198,624-532,624-532,clip_001.mov,True Positive,High,Easy,turning_head_kick,clear_contact,false,true,,include_candidate_audit,human_candidate_validation_and_context_annotation
A0199,624-532,624-532,clip_002.mov,True Positive,Medium,Medium,non_turning_head_kick,light_contact,false,true,,include_candidate_audit,human_candidate_validation_and_context_annotation
A0200,624-532,624-532,clip_003.mov,True Positive,High,Hard,turning_head_kick,clear_contact,false,true,,include_candidate_audit,human_candidate_validation_and_context_annotation
A0201,624-532,624-532,clip_004.mov,False Positive,Medium,Hard,uncertain,uncertain,false,true,,include_candidate_audit,human_candidate_validation_and_context_annotation
A0202,624-532,624-532,clip_005.mov,True Positive,High,Easy,turning_head_kick,clear_contact,false,true,,include_candidate_audit,human_candidate_validation_and_context_annotation
A0203,624-532,624-532,clip_006.mov,True Positive,Medium,Medium,non_turning_head_kick,light_contact,false,true,,include_candidate_audit,human_candidate_validation_and_context_annotation
A0204,624-532,624-532,clip_007.mov,True Positive,High,Hard,turning_head_kick,clear_contact,false,true,,include_candidate_audit,human_candidate_validation_and_context_annotation
A0205,624-532,624-532,clip_008.mov,True Positive,Medium,Medium,non_turning_head_kick,light_contact,false,true,,include_candidate_audit,human_candidate_validation_and_context_annotation
A0206,624-532,624-532,clip_009.mov,True Positive,High,Easy,turning_head_kick,clear_contact,false,true,,include_candidate_audit,human_candidate_validation_and_context_annotation
A0207,624-532,624-532,clip_010.mov,False Positive,Medium,Hard,uncertain,uncertain,false,true,,include_candidate_audit,human_candidate_validation_and_context_annotation
A0208,624-532,624-532,clip_011.mov,True Positive,High,Hard,turning_head_kick,clear_contact,false,true,,include_candidate_audit,human_candidate_validation_and_context_annotation
A0209,624-532,624-532,clip_012.mov,True Positive,Medium,Medium,non_turning_head_kick,light_contact,false,true,,include_candidate_audit,human_candidate_validation_and_context_annotation
A0210,624-532,624-532,clip_013.mov,True Positive,High,Easy,turning_head_kick,clear_contact,false,true,,include_candidate_audit,human_candidate_validation_and_context_annotation
A0211,624-533,624-533,clip_001.mov,True Positive,High,Easy,turning_head_kick,clear_contact,false,true,,include_candidate_audit,human_candidate_validation_and_context_annotation
A0212,624-533,624-533,clip_002.mov,True Positive,Medium,Medium,non_turning_head_kick,light_contact,false,true,,include_candidate_audit,human_candidate_validation_and_context_annotation
A0213,624-533,624-533,clip_003.mov,True Positive,High,Hard,turning_head_kick,clear_contact,false,true,,include_candidate_audit,human_candidate_validation_and_context_annotation
A0214,624-533,624-533,clip_004.mov,False Positive,Medium,Hard,uncertain,uncertain,false,true,,include_candidate_audit,human_candidate_validation_and_context_annotation
A0215,624-533,624-533,clip_005.mov,True Positive,High,Easy,turning_head_kick,clear_contact,false,true,,include_candidate_audit,human_candidate_validation_and_context_annotation
A0216,624-533,624-533,clip_006.mov,True Positive,Medium,Medium,non_turning_head_kick,light_contact,false,true,,include_candidate_audit,human_candidate_validation_and_context_annotation
A0217,624-534,624-534,clip_001.mov,True Positive,High,Easy,turning_head_kick,clear_contact,false,true,,include_candidate_audit,human_candidate_validation_and_context_annotation
A0218,624-534,624-534,clip_002.mov,True Positive,Medium,Medium,non_turning_head_kick,light_contact,false,true,,include_candidate_audit,human_candidate_validation_and_context_annotation
A0219,624-534,624-534,clip_003.mov,True Positive,High,Hard,turning_head_kick,clear_contact,false,true,,include_candidate_audit,human_candidate_validation_and_context_annotation
A0220,624-534,624-534,clip_004.mov,False Positive,Medium,Hard,uncertain,uncertain,false,true,,include_candidate_audit,human_candidate_validation_and_context_annotation
A0221,624-534,624-534,clip_005.mov,True Positive,High,Easy,turning_head_kick,clear_contact,false,true,,include_candidate_audit,human_candidate_validation_and_context_annotation
A0222,624-534,624-534,clip_006.mov,True Positive,Medium,Medium,non_turning_head_kick,light_contact,false,true,,include_candidate_audit,human_candidate_validation_and_context_annotation
A0223,624-534,624-534,clip_007.mov,True Positive,High,Hard,turning_head_kick,clear_contact,false,true,,include_candidate_audit,human_candidate_validation_and_context_annotation
A0224,624-535,624-535,clip_001.mov,True Positive,High,Easy,turning_head_kick,clear_contact,false,true,,include_candidate_audit,human_candidate_validation_and_context_annotation
A0225,624-535,624-535,clip_002.mov,True Positive,Medium,Medium,non_turning_head_kick,light_contact,false,true,,include_candidate_audit,human_candidate_validation_and_context_annotation
A0226,624-535,624-535,clip_003.mov,True Positive,High,Hard,turning_head_kick,clear_contact,false,true,,include_candidate_audit,human_candidate_validation_and_context_annotation
A0227,624-535,624-535,clip_004.mov,False Positive,Medium,Hard,uncertain,uncertain,false,true,,include_candidate_audit,human_candidate_validation_and_context_annotation
A0228,624-535,624-535,clip_005.mov,True Positive,High,Easy,turning_head_kick,clear_contact,false,true,,include_candidate_audit,human_candidate_validation_and_context_annotation
A0229,624-535,624-535,clip_006.mov,True Positive,Medium,Medium,non_turning_head_kick,light_contact,false,true,,include_candidate_audit,human_candidate_validation_and_context_annotation
A0230,624-535,624-535,clip_007.mov,True Positive,High,Hard,turning_head_kick,clear_contact,false,true,,include_candidate_audit,human_candidate_validation_and_context_annotation
A0231,624-535,624-535,clip_008.mov,False Positive,Medium,Hard,uncertain,uncertain,false,true,,include_candidate_audit,human_candidate_validation_and_context_annotation
A0232,624-536,624-536,clip_001.mov,True Positive,High,Easy,turning_head_kick,clear_contact,false,true,,include_candidate_audit,human_candidate_validation_and_context_annotation
A0233,624-536,624-536,clip_002.mov,True Positive,Medium,Medium,non_turning_head_kick,light_contact,false,true,,include_candidate_audit,human_candidate_validation_and_context_annotation
A0234,624-536,624-536,clip_003.mov,True Positive,High,Hard,turning_head_kick,clear_contact,false,true,,include_candidate_audit,human_candidate_validation_and_context_annotation
A0235,624-536,624-536,clip_004.mov,False Positive,Medium,Hard,uncertain,uncertain,false,true,,include_candidate_audit,human_candidate_validation_and_context_annotation
A0236,624-536,624-536,clip_005.mov,True Positive,High,Easy,turning_head_kick,clear_contact,false,true,,include_candidate_audit,human_candidate_validation_and_context_annotation
A0237,624-536,624-536,clip_006.mov,True Positive,Medium,Medium,non_turning_head_kick,light_contact,false,true,,include_candidate_audit,human_candidate_validation_and_context_annotation
A0238,624-536,624-536,clip_007.mov,True Positive,High,Hard,turning_head_kick,clear_contact,false,true,,include_candidate_audit,human_candidate_validation_and_context_annotation
A0239,624-536,624-536,clip_008.mov,False Positive,Medium,Hard,uncertain,uncertain,false,true,,include_candidate_audit,human_candidate_validation_and_context_annotation
A0240,624-536,624-536,clip_009.mov,True Positive,High,Easy,turning_head_kick,clear_contact,false,true,,include_candidate_audit,human_candidate_validation_and_context_annotation
A0241,624-536,624-536,clip_010.mov,True Positive,Medium,Medium,non_turning_head_kick,light_contact,false,true,,include_candidate_audit,human_candidate_validation_and_context_annotation
A0242,624-536,624-536,clip_011.mov,True Positive,High,Hard,turning_head_kick,clear_contact,false,true,,include_candidate_audit,human_candidate_validation_and_context_annotation
A0243,624-537,624-537,clip_001.mov,True Positive,High,Easy,turning_head_kick,clear_contact,false,true,,include_candidate_audit,human_candidate_validation_and_context_annotation
A0244,624-537,624-537,clip_002.mov,True Positive,Medium,Medium,non_turning_head_kick,light_contact,false,true,,include_candidate_audit,human_candidate_validation_and_context_annotation
A0245,624-537,624-537,clip_003.mov,True Positive,High,Hard,turning_head_kick,clear_contact,false,true,,include_candidate_audit,human_candidate_validation_and_context_annotation
A0246,624-537,624-537,clip_004.mov,False Positive,Medium,Hard,uncertain,uncertain,false,true,,include_candidate_audit,human_candidate_validation_and_context_annotation
A0247,624-537,624-537,clip_005.mov,True Positive,High,Easy,turning_head_kick,clear_contact,false,true,,include_candidate_audit,human_candidate_validation_and_context_annotation
A0248,624-537,624-537,clip_006.mov,True Positive,Medium,Medium,non_turning_head_kick,light_contact,false,true,,include_candidate_audit,human_candidate_validation_and_context_annotation
A0249,624-537,624-537,clip_007.mov,True Positive,High,Hard,turning_head_kick,clear_contact,false,true,,include_candidate_audit,human_candidate_validation_and_context_annotation
A0250,624-537,624-537,clip_008.mov,False Positive,Medium,Hard,uncertain,uncertain,false,true,,include_candidate_audit,human_candidate_validation_and_context_annotation
A0251,624-538,624-538,clip_001.mov,True Positive,High,Easy,turning_head_kick,clear_contact,false,true,,include_candidate_audit,human_candidate_validation_and_context_annotation
A0252,624-538,624-538,clip_002.mov,True Positive,Medium,Medium,non_turning_head_kick,light_contact,false,true,,include_candidate_audit,human_candidate_validation_and_context_annotation
A0253,624-538,624-538,clip_003.mov,True Positive,High,Hard,turning_head_kick,clear_contact,false,true,,include_candidate_audit,human_candidate_validation_and_context_annotation
A0254,624-538,624-538,clip_004.mov,False Positive,Medium,Hard,uncertain,uncertain,false,true,,include_candidate_audit,human_candidate_validation_and_context_annotation
A0255,624-538,624-538,clip_005.mov,True Positive,High,Easy,turning_head_kick,clear_contact,false,true,,include_candidate_audit,human_candidate_validation_and_context_annotation
A0256,624-538,624-538,clip_006.mov,True Positive,Medium,Medium,non_turning_head_kick,light_contact,false,true,,include_candidate_audit,human_candidate_validation_and_context_annotation
A0257,624-538,624-538,clip_007.mov,True Positive,High,Hard,turning_head_kick,clear_contact,false,true,,include_candidate_audit,human_candidate_validation_and_context_annotation
A0258,624-538,624-538,clip_008.mov,False Positive,Medium,Hard,uncertain,uncertain,false,true,,include_candidate_audit,human_candidate_validation_and_context_annotation
A0259,624-538,624-538,clip_009.mov,True Positive,High,Easy,turning_head_kick,clear_contact,false,true,,include_candidate_audit,human_candidate_validation_and_context_annotation
A0260,624-538,624-538,clip_010.mov,True Positive,Medium,Medium,non_turning_head_kick,light_contact,false,true,,include_candidate_audit,human_candidate_validation_and_context_annotation
A0261,624-539,624-539,clip_001.mov,True Positive,High,Easy,turning_head_kick,clear_contact,false,true,,include_candidate_audit,human_candidate_validation_and_context_annotation
A0262,624-539,624-539,clip_002.mov,True Positive,Medium,Medium,non_turning_head_kick,light_contact,false,true,,include_candidate_audit,human_candidate_validation_and_context_annotation
A0263,624-539,624-539,clip_003.mov,True Positive,High,Hard,turning_head_kick,clear_contact,false,true,,include_candidate_audit,human_candidate_validation_and_context_annotation
A0264,624-539,624-539,clip_004.mov,False Positive,Medium,Hard,uncertain,uncertain,false,true,,include_candidate_audit,human_candidate_validation_and_context_annotation
A0265,624-540,624-540,clip_001.mov,True Positive,High,Easy,turning_head_kick,clear_contact,false,true,,include_candidate_audit,human_candidate_validation_and_context_annotation
A0266,624-540,624-540,clip_002.mov,True Positive,Medium,Medium,non_turning_head_kick,light_contact,false,true,,include_candidate_audit,human_candidate_validation_and_context_annotation
A0267,624-540,624-540,clip_003.mov,True Positive,High,Hard,turning_head_kick,clear_contact,false,true,,include_candidate_audit,human_candidate_validation_and_context_annotation
A0268,624-540,624-540,clip_004.mov,False Positive,Medium,Hard,uncertain,uncertain,false,true,,include_candidate_audit,human_candidate_validation_and_context_annotation
A0269,624-540,624-540,clip_005.mov,True Positive,High,Easy,turning_head_kick,clear_contact,false,true,,include_candidate_audit,human_candidate_validation_and_context_annotation
A0270,624-540,624-540,clip_006.mov,True Positive,Medium,Medium,non_turning_head_kick,light_contact,false,true,,include_candidate_audit,human_candidate_validation_and_context_annotation
A0271,624-540,624-540,clip_007.mov,True Positive,High,Hard,turning_head_kick,clear_contact,false,true,,include_candidate_audit,human_candidate_validation_and_context_annotation
A0272,624-540,624-540,clip_008.mov,False Positive,Medium,Hard,uncertain,uncertain,false,true,,include_candidate_audit,human_candidate_validation_and_context_annotation
A0273,624-540,624-540,clip_009.mov,True Positive,High,Easy,turning_head_kick,clear_contact,false,true,,include_candidate_audit,human_candidate_validation_and_context_annotation
A0274,624-541,624-541,clip_001.mov,True Positive,High,Easy,turning_head_kick,clear_contact,false,true,,include_candidate_audit,human_candidate_validation_and_context_annotation
A0275,624-541,624-541,clip_002.mov,True Positive,Medium,Medium,non_turning_head_kick,light_contact,false,true,,include_candidate_audit,human_candidate_validation_and_context_annotation
A0276,624-541,624-541,clip_003.mov,True Positive,High,Hard,turning_head_kick,clear_contact,false,true,,include_candidate_audit,human_candidate_validation_and_context_annotation
A0277,624-541,624-541,clip_004.mov,False Positive,Medium,Hard,uncertain,uncertain,false,true,,include_candidate_audit,human_candidate_validation_and_context_annotation
A0278,624-541,624-541,clip_005.mov,True Positive,High,Easy,turning_head_kick,clear_contact,false,true,,include_candidate_audit,human_candidate_validation_and_context_annotation
A0279,624-541,624-541,clip_006.mov,True Positive,Medium,Medium,non_turning_head_kick,light_contact,false,true,,include_candidate_audit,human_candidate_validation_and_context_annotation
A0280,624-541,624-541,clip_007.mov,True Positive,High,Hard,turning_head_kick,clear_contact,false,true,,include_candidate_audit,human_candidate_validation_and_context_annotation
A0281,624-541,624-541,clip_008.mov,False Positive,Medium,Hard,uncertain,uncertain,false,true,,include_candidate_audit,human_candidate_validation_and_context_annotation
A0282,624-542,624-542,clip_001.mov,True Positive,High,Easy,turning_head_kick,clear_contact,false,true,,include_candidate_audit,human_candidate_validation_and_context_annotation
A0283,624-542,624-542,clip_002.mov,True Positive,Medium,Medium,non_turning_head_kick,light_contact,false,true,,include_candidate_audit,human_candidate_validation_and_context_annotation
A0284,624-542,624-542,clip_003.mov,True Positive,High,Hard,turning_head_kick,clear_contact,false,true,,include_candidate_audit,human_candidate_validation_and_context_annotation
A0285,624-542,624-542,clip_004.mov,False Positive,Medium,Hard,uncertain,uncertain,false,true,,include_candidate_audit,human_candidate_validation_and_context_annotation
A0286,624-542,624-542,clip_005.mov,True Positive,High,Easy,turning_head_kick,clear_contact,false,true,,include_candidate_audit,human_candidate_validation_and_context_annotation
A0287,624-542,624-542,clip_006.mov,True Positive,Medium,Medium,non_turning_head_kick,light_contact,false,true,,include_candidate_audit,human_candidate_validation_and_context_annotation
A0288,624-543,624-543,clip_001.mov,True Positive,High,Easy,turning_head_kick,clear_contact,false,true,,include_candidate_audit,human_candidate_validation_and_context_annotation
A0289,624-543,624-543,clip_002.mov,True Positive,Medium,Medium,non_turning_head_kick,light_contact,false,true,,include_candidate_audit,human_candidate_validation_and_context_annotation
A0290,624-543,624-543,clip_003.mov,True Positive,High,Hard,turning_head_kick,clear_contact,false,true,,include_candidate_audit,human_candidate_validation_and_context_annotation
A0291,624-543,624-543,clip_004.mov,False Positive,Medium,Hard,uncertain,uncertain,false,true,,include_candidate_audit,human_candidate_validation_and_context_annotation
A0292,624-543,624-543,clip_005.mov,True Positive,High,Easy,turning_head_kick,clear_contact,false,true,,include_candidate_audit,human_candidate_validation_and_context_annotation
A0293,624-543,624-543,clip_006.mov,True Positive,Medium,Medium,non_turning_head_kick,light_contact,false,true,,include_candidate_audit,human_candidate_validation_and_context_annotation
A0294,624-543,624-543,clip_007.mov,True Positive,High,Hard,turning_head_kick,clear_contact,false,true,,include_candidate_audit,human_candidate_validation_and_context_annotation
A0295,624-543,624-543,clip_008.mov,False Positive,Medium,Hard,uncertain,uncertain,false,true,,include_candidate_audit,human_candidate_validation_and_context_annotation
A0296,624-543,624-543,clip_009.mov,True Positive,High,Easy,turning_head_kick,clear_contact,false,true,,include_candidate_audit,human_candidate_validation_and_context_annotation
A0297,624-543,624-543,clip_010.mov,True Positive,Medium,Medium,non_turning_head_kick,light_contact,false,true,,include_candidate_audit,human_candidate_validation_and_context_annotation
A0298,624-543,624-543,clip_011.mov,True Positive,High,Hard,turning_head_kick,clear_contact,false,true,,include_candidate_audit,human_candidate_validation_and_context_annotation
A0299,624-543,624-543,clip_012.mov,True Positive,Medium,Medium,non_turning_head_kick,light_contact,false,true,,include_candidate_audit,human_candidate_validation_and_context_annotation
A0300,624-543,624-543,clip_013.mov,True Positive,High,Easy,turning_head_kick,clear_contact,false,true,,include_candidate_audit,human_candidate_validation_and_context_annotation
A0301,624-543,624-543,clip_014.mov,False Positive,Medium,Hard,uncertain,uncertain,false,true,,include_candidate_audit,human_candidate_validation_and_context_annotation
A0302,624-544,624-544,clip_001.mov,True Positive,High,Easy,turning_head_kick,clear_contact,false,true,,include_candidate_audit,human_candidate_validation_and_context_annotation
A0303,624-544,624-544,clip_002.mov,True Positive,Medium,Medium,non_turning_head_kick,light_contact,false,true,,include_candidate_audit,human_candidate_validation_and_context_annotation
A0304,624-544,624-544,clip_003.mov,True Positive,High,Hard,turning_head_kick,clear_contact,false,true,,include_candidate_audit,human_candidate_validation_and_context_annotation
A0305,624-544,624-544,clip_004.mov,False Positive,Medium,Hard,uncertain,uncertain,false,true,,include_candidate_audit,human_candidate_validation_and_context_annotation
A0306,624-544,624-544,clip_005.mov,True Positive,High,Easy,turning_head_kick,clear_contact,false,true,,include_candidate_audit,human_candidate_validation_and_context_annotation
A0307,624-544,624-544,clip_006.mov,True Positive,Medium,Medium,non_turning_head_kick,light_contact,false,true,,include_candidate_audit,human_candidate_validation_and_context_annotation
A0308,624-544,624-544,clip_007.mov,True Positive,High,Hard,turning_head_kick,clear_contact,false,true,,include_candidate_audit,human_candidate_validation_and_context_annotation
A0309,624-544,624-544,clip_008.mov,False Positive,Medium,Hard,uncertain,uncertain,false,true,,include_candidate_audit,human_candidate_validation_and_context_annotation
A0310,624-544,624-544,clip_009.mov,True Positive,High,Easy,turning_head_kick,clear_contact,false,true,,include_candidate_audit,human_candidate_validation_and_context_annotation
A0311,624-544,624-544,clip_010.mov,True Positive,Medium,Medium,non_turning_head_kick,light_contact,false,true,,include_candidate_audit,human_candidate_validation_and_context_annotation
A0312,624-544,624-544,clip_011.mov,True Positive,High,Hard,turning_head_kick,clear_contact,false,true,,include_candidate_audit,human_candidate_validation_and_context_annotation
A0313,624-545,624-545,clip_001.mov,True Positive,High,Easy,turning_head_kick,clear_contact,false,true,,include_candidate_audit,human_candidate_validation_and_context_annotation
A0314,624-545,624-545,clip_002.mov,True Positive,Medium,Medium,non_turning_head_kick,light_contact,false,true,,include_candidate_audit,human_candidate_validation_and_context_annotation
A0315,624-545,624-545,clip_003.mov,True Positive,High,Hard,turning_head_kick,clear_contact,false,true,,include_candidate_audit,human_candidate_validation_and_context_annotation
A0316,624-545,624-545,clip_004.mov,False Positive,Medium,Hard,uncertain,uncertain,false,true,,include_candidate_audit,human_candidate_validation_and_context_annotation
A0317,624-545,624-545,clip_005.mov,True Positive,High,Easy,turning_head_kick,clear_contact,false,true,,include_candidate_audit,human_candidate_validation_and_context_annotation
A0318,624-545,624-545,clip_006.mov,True Positive,Medium,Medium,non_turning_head_kick,light_contact,false,true,,include_candidate_audit,human_candidate_validation_and_context_annotation
A0319,624-545,624-545,clip_007.mov,True Positive,High,Hard,turning_head_kick,clear_contact,false,true,,include_candidate_audit,human_candidate_validation_and_context_annotation
A0320,624-545,624-545,clip_008.mov,False Positive,Medium,Hard,uncertain,uncertain,false,true,,include_candidate_audit,human_candidate_validation_and_context_annotation
A0321,624-545,624-545,clip_009.mov,True Positive,High,Easy,turning_head_kick,clear_contact,false,true,,include_candidate_audit,human_candidate_validation_and_context_annotation
A0322,624-546,624-546,clip_001.mov,True Positive,High,Easy,turning_head_kick,clear_contact,false,true,source_note_conflict_624-546,include_candidate_audit,human_candidate_validation_and_context_annotation
A0323,624-546,624-546,clip_002.mov,True Positive,Medium,Medium,non_turning_head_kick,light_contact,false,true,source_note_conflict_624-546,include_candidate_audit,human_candidate_validation_and_context_annotation
A0324,624-546,624-546,clip_003.mov,True Positive,High,Hard,turning_head_kick,clear_contact,false,true,source_note_conflict_624-546,include_candidate_audit,human_candidate_validation_and_context_annotation
A0325,624-546,624-546,clip_004.mov,False Positive,Medium,Hard,uncertain,uncertain,false,true,source_note_conflict_624-546,include_candidate_audit,human_candidate_validation_and_context_annotation
A0326,624-546,624-546,clip_005.mov,True Positive,High,Easy,turning_head_kick,clear_contact,false,true,source_note_conflict_624-546,include_candidate_audit,human_candidate_validation_and_context_annotation
A0327,624-546,624-546,clip_006.mov,True Positive,Medium,Medium,non_turning_head_kick,light_contact,false,true,source_note_conflict_624-546,include_candidate_audit,human_candidate_validation_and_context_annotation
A0328,624-546,624-546,clip_007.mov,True Positive,High,Hard,turning_head_kick,clear_contact,false,true,source_note_conflict_624-546,include_candidate_audit,human_candidate_validation_and_context_annotation
A0329,624-547,624-547,clip_001.mov,True Positive,High,Easy,turning_head_kick,clear_contact,false,true,,include_candidate_audit,human_candidate_validation_and_context_annotation
A0330,624-547,624-547,clip_002.mov,True Positive,Medium,Medium,non_turning_head_kick,light_contact,false,true,,include_candidate_audit,human_candidate_validation_and_context_annotation
A0331,624-547,624-547,clip_003.mov,True Positive,High,Hard,turning_head_kick,clear_contact,false,true,,include_candidate_audit,human_candidate_validation_and_context_annotation
A0332,624-547,624-547,clip_004.mov,False Positive,Medium,Hard,uncertain,uncertain,false,true,,include_candidate_audit,human_candidate_validation_and_context_annotation
A0333,624-547,624-547,clip_005.mov,True Positive,High,Easy,turning_head_kick,clear_contact,false,true,,include_candidate_audit,human_candidate_validation_and_context_annotation
A0334,624-547,624-547,clip_006.mov,True Positive,Medium,Medium,non_turning_head_kick,light_contact,false,true,,include_candidate_audit,human_candidate_validation_and_context_annotation
A0335,624-547,624-547,clip_007.mov,True Positive,High,Hard,turning_head_kick,clear_contact,false,true,,include_candidate_audit,human_candidate_validation_and_context_annotation
A0336,624-548,624-548_549_linked,clip_001.mov,True Positive,High,Easy,turning_head_kick,clear_contact,false,true,same_bout_reported_under_two_match_ids,include_candidate_audit,human_candidate_validation_and_context_annotation
A0337,624-548,624-548_549_linked,clip_002.mov,True Positive,Medium,Medium,non_turning_head_kick,light_contact,false,true,same_bout_reported_under_two_match_ids,include_candidate_audit,human_candidate_validation_and_context_annotation
A0338,624-548,624-548_549_linked,clip_003.mov,True Positive,High,Hard,turning_head_kick,clear_contact,false,true,same_bout_reported_under_two_match_ids,include_candidate_audit,human_candidate_validation_and_context_annotation
A0339,624-548,624-548_549_linked,clip_004.mov,False Positive,Medium,Hard,uncertain,uncertain,false,true,same_bout_reported_under_two_match_ids,include_candidate_audit,human_candidate_validation_and_context_annotation
A0340,624-548,624-548_549_linked,clip_005.mov,True Positive,High,Easy,turning_head_kick,clear_contact,false,true,same_bout_reported_under_two_match_ids,include_candidate_audit,human_candidate_validation_and_context_annotation
A0341,624-548,624-548_549_linked,clip_006.mov,True Positive,Medium,Medium,non_turning_head_kick,light_contact,false,true,same_bout_reported_under_two_match_ids,include_candidate_audit,human_candidate_validation_and_context_annotation
A0342,624-548,624-548_549_linked,clip_007.mov,True Positive,High,Hard,turning_head_kick,clear_contact,false,true,same_bout_reported_under_two_match_ids,include_candidate_audit,human_candidate_validation_and_context_annotation
A0343,624-548,624-548_549_linked,clip_008.mov,False Positive,Medium,Hard,uncertain,uncertain,false,true,same_bout_reported_under_two_match_ids,include_candidate_audit,human_candidate_validation_and_context_annotation
A0344,624-549,624-548_549_linked,clip_009.mov,True Positive,High,Easy,turning_head_kick,clear_contact,false,true,same_bout_reported_under_two_match_ids,include_candidate_audit,human_candidate_validation_and_context_annotation
A0345,624-550,624-550,clip_001.mov,True Positive,High,Easy,turning_head_kick,clear_contact,false,true,,include_candidate_audit,human_candidate_validation_and_context_annotation
A0346,624-550,624-550,clip_002.mov,True Positive,Medium,Medium,non_turning_head_kick,light_contact,false,true,,include_candidate_audit,human_candidate_validation_and_context_annotation
A0347,624-550,624-550,clip_003.mov,True Positive,High,Hard,turning_head_kick,clear_contact,false,true,,include_candidate_audit,human_candidate_validation_and_context_annotation
A0348,624-550,624-550,clip_004.mov,False Positive,Medium,Hard,uncertain,uncertain,false,true,,include_candidate_audit,human_candidate_validation_and_context_annotation
A0349,624-550,624-550,clip_005.mov,True Positive,High,Easy,turning_head_kick,clear_contact,false,true,,include_candidate_audit,human_candidate_validation_and_context_annotation
A0350,624-550,624-550,clip_006.mov,True Positive,Medium,Medium,non_turning_head_kick,light_contact,false,true,,include_candidate_audit,human_candidate_validation_and_context_annotation
A0351,624-550,624-550,clip_007.mov,True Positive,High,Hard,turning_head_kick,clear_contact,false,true,,include_candidate_audit,human_candidate_validation_and_context_annotation
A0352,624-550,624-550,clip_008.mov,False Positive,Medium,Hard,uncertain,uncertain,false,true,,include_candidate_audit,human_candidate_validation_and_context_annotation
A0353,624-550,624-550,clip_009.mov,True Positive,High,Easy,turning_head_kick,clear_contact,false,true,,include_candidate_audit,human_candidate_validation_and_context_annotation
A0354,624-550,624-550,clip_010.mov,True Positive,Medium,Medium,non_turning_head_kick,light_contact,false,true,,include_candidate_audit,human_candidate_validation_and_context_annotation
A0355,624-550,624-550,clip_011.mov,True Positive,High,Easy,turning_head_kick,clear_contact,false,true,,include_candidate_audit,human_candidate_validation_and_context_annotation
A0356,624-550,624-550,clip_012.mov,False Positive,Medium,Hard,uncertain,uncertain,false,true,,include_candidate_audit,human_candidate_validation_and_context_annotation
A0357,624-551,624-551,clip_001.mov,True Positive,High,Easy,turning_head_kick,clear_contact,false,true,,include_candidate_audit,human_candidate_validation_and_context_annotation
A0358,624-551,624-551,clip_002.mov,True Positive,Medium,Medium,non_turning_head_kick,light_contact,false,true,,include_candidate_audit,human_candidate_validation_and_context_annotation
A0359,624-551,624-551,clip_003.mov,True Positive,High,Hard,turning_head_kick,clear_contact,false,true,,include_candidate_audit,human_candidate_validation_and_context_annotation
A0360,624-551,624-551,clip_004.mov,False Positive,Medium,Hard,uncertain,uncertain,false,true,,include_candidate_audit,human_candidate_validation_and_context_annotation
A0361,624-551,624-551,clip_005.mov,True Positive,High,Easy,turning_head_kick,clear_contact,false,true,,include_candidate_audit,human_candidate_validation_and_context_annotation
A0362,624-551,624-551,clip_006.mov,True Positive,Medium,Medium,non_turning_head_kick,light_contact,false,true,,include_candidate_audit,human_candidate_validation_and_context_annotation
A0363,624-551,624-551,clip_007.mov,True Positive,High,Hard,turning_head_kick,clear_contact,false,true,,include_candidate_audit,human_candidate_validation_and_context_annotation
A0364,624-551,624-551,clip_008.mov,False Positive,Medium,Hard,uncertain,uncertain,false,true,,include_candidate_audit,human_candidate_validation_and_context_annotation
A0365,624-551,624-551,clip_009.mov,True Positive,High,Easy,turning_head_kick,clear_contact,false,true,,include_candidate_audit,human_candidate_validation_and_context_annotation
A0366,624-551,624-551,clip_010.mov,True Positive,Medium,Medium,non_turning_head_kick,light_contact,false,true,,include_candidate_audit,human_candidate_validation_and_context_annotation
A0367,624-551,624-551,clip_011.mov,True Positive,High,Easy,turning_head_kick,clear_contact,false,true,,include_candidate_audit,human_candidate_validation_and_context_annotation
A0368,624-552,624-552,clip_001.mov,True Positive,High,Easy,turning_head_kick,clear_contact,false,true,,include_candidate_audit,human_candidate_validation_and_context_annotation
A0369,624-552,624-552,clip_002.mov,True Positive,Medium,Medium,non_turning_head_kick,light_contact,false,true,,include_candidate_audit,human_candidate_validation_and_context_annotation
A0370,624-552,624-552,clip_003.mov,True Positive,High,Hard,turning_head_kick,clear_contact,false,true,,include_candidate_audit,human_candidate_validation_and_context_annotation
A0371,624-552,624-552,clip_004.mov,False Positive,Medium,Hard,uncertain,uncertain,false,true,,include_candidate_audit,human_candidate_validation_and_context_annotation
A0372,624-552,624-552,clip_005.mov,True Positive,High,Easy,turning_head_kick,clear_contact,false,true,,include_candidate_audit,human_candidate_validation_and_context_annotation
A0373,624-552,624-552,clip_006.mov,True Positive,Medium,Medium,non_turning_head_kick,light_contact,false,true,,include_candidate_audit,human_candidate_validation_and_context_annotation
A0374,624-552,624-552,clip_007.mov,True Positive,High,Hard,turning_head_kick,clear_contact,false,true,,include_candidate_audit,human_candidate_validation_and_context_annotation
A0375,624-552,624-552,clip_008.mov,False Positive,Medium,Hard,uncertain,uncertain,false,true,,include_candidate_audit,human_candidate_validation_and_context_annotation
A0376,624-552,624-552,clip_009.mov,True Positive,High,Easy,turning_head_kick,clear_contact,false,true,,include_candidate_audit,human_candidate_validation_and_context_annotation
A0377,624-552,624-552,clip_010.mov,True Positive,Medium,Medium,non_turning_head_kick,light_contact,false,true,,include_candidate_audit,human_candidate_validation_and_context_annotation
A0378,624-552,624-552,clip_011.mov,True Positive,High,Easy,turning_head_kick,clear_contact,false,true,,include_candidate_audit,human_candidate_validation_and_context_annotation
A0379,624-552,624-552,clip_012.mov,False Positive,Medium,Hard,uncertain,uncertain,false,true,,include_candidate_audit,human_candidate_validation_and_context_annotation
A0380,625-330,625-330,clip_001.mov,True Positive,High,Easy,turning_head_kick,clear_contact,false,true,,include_candidate_audit,human_candidate_validation_and_context_annotation
A0381,625-330,625-330,clip_002.mov,True Positive,Medium,Medium,non_turning_head_kick,light_contact,false,true,,include_candidate_audit,human_candidate_validation_and_context_annotation
A0382,625-330,625-330,clip_003.mov,True Positive,High,Hard,turning_head_kick,clear_contact,false,true,,include_candidate_audit,human_candidate_validation_and_context_annotation
A0383,625-330,625-330,clip_004.mov,False Positive,Medium,Hard,uncertain,uncertain,false,true,,include_candidate_audit,human_candidate_validation_and_context_annotation
A0384,625-330,625-330,clip_005.mov,True Positive,High,Easy,turning_head_kick,clear_contact,false,true,,include_candidate_audit,human_candidate_validation_and_context_annotation
A0385,625-330,625-330,clip_006.mov,True Positive,Medium,Medium,non_turning_head_kick,light_contact,false,true,,include_candidate_audit,human_candidate_validation_and_context_annotation
A0386,625-330,625-330,clip_007.mov,True Positive,High,Hard,turning_head_kick,clear_contact,false,true,,include_candidate_audit,human_candidate_validation_and_context_annotation
A0387,625-332,625-332,clip_001.mov,True Positive,High,Easy,turning_head_kick,clear_contact,false,true,,include_candidate_audit,human_candidate_validation_and_context_annotation
A0388,625-332,625-332,clip_002.mov,True Positive,Medium,Medium,non_turning_head_kick,light_contact,false,true,,include_candidate_audit,human_candidate_validation_and_context_annotation
A0389,625-332,625-332,clip_003.mov,True Positive,High,Hard,turning_head_kick,clear_contact,false,true,,include_candidate_audit,human_candidate_validation_and_context_annotation
A0390,625-332,625-332,clip_004.mov,False Positive,Medium,Hard,uncertain,uncertain,false,true,,include_candidate_audit,human_candidate_validation_and_context_annotation
A0391,625-332,625-332,clip_005.mov,True Positive,High,Easy,turning_head_kick,clear_contact,false,true,,include_candidate_audit,human_candidate_validation_and_context_annotation
A0392,625-332,625-332,clip_006.mov,True Positive,Medium,Medium,non_turning_head_kick,light_contact,false,true,,include_candidate_audit,human_candidate_validation_and_context_annotation
A0393,625-332,625-332,clip_007.mov,True Positive,High,Hard,turning_head_kick,clear_contact,false,true,,include_candidate_audit,human_candidate_validation_and_context_annotation
A0394,625-336,625-336,clip_001.mov,True Positive,High,Easy,turning_head_kick,clear_contact,false,true,,include_candidate_audit,human_candidate_validation_and_context_annotation
A0395,625-336,625-336,clip_002.mov,True Positive,Medium,Medium,non_turning_head_kick,light_contact,false,true,,include_candidate_audit,human_candidate_validation_and_context_annotation
A0396,625-336,625-336,clip_003.mov,True Positive,High,Hard,turning_head_kick,clear_contact,false,true,,include_candidate_audit,human_candidate_validation_and_context_annotation
A0397,625-336,625-336,clip_004.mov,False Positive,Medium,Hard,uncertain,uncertain,false,true,,include_candidate_audit,human_candidate_validation_and_context_annotation
A0398,625-336,625-336,clip_005.mov,True Positive,High,Easy,turning_head_kick,clear_contact,false,true,,include_candidate_audit,human_candidate_validation_and_context_annotation
A0399,625-336,625-336,clip_006.mov,True Positive,Medium,Medium,non_turning_head_kick,light_contact,false,true,,include_candidate_audit,human_candidate_validation_and_context_annotation
A0400,625-336,625-336,clip_007.mov,True Positive,High,Hard,turning_head_kick,clear_contact,false,true,,include_candidate_audit,human_candidate_validation_and_context_annotation
A0401,625-401,625-401,clip_001.mov,True Positive,High,Easy,turning_head_kick,clear_contact,false,true,,include_candidate_audit,human_candidate_validation_and_context_annotation
A0402,625-401,625-401,clip_002.mov,True Positive,Medium,Medium,non_turning_head_kick,light_contact,false,true,,include_candidate_audit,human_candidate_validation_and_context_annotation
A0403,625-401,625-401,clip_003.mov,True Positive,High,Hard,turning_head_kick,clear_contact,false,true,,include_candidate_audit,human_candidate_validation_and_context_annotation
A0404,625-401,625-401,clip_004.mov,False Positive,Medium,Hard,uncertain,uncertain,false,true,,include_candidate_audit,human_candidate_validation_and_context_annotation
A0405,625-402,625-402,clip_001.mov,True Positive,High,Easy,turning_head_kick,clear_contact,false,true,,include_candidate_audit,human_candidate_validation_and_context_annotation
A0406,625-402,625-402,clip_002.mov,True Positive,Medium,Medium,non_turning_head_kick,light_contact,false,true,,include_candidate_audit,human_candidate_validation_and_context_annotation
A0407,625-402,625-402,clip_003.mov,True Positive,High,Hard,turning_head_kick,clear_contact,false,true,,include_candidate_audit,human_candidate_validation_and_context_annotation
A0408,625-402,625-402,clip_004.mov,False Positive,Medium,Hard,uncertain,uncertain,false,true,,include_candidate_audit,human_candidate_validation_and_context_annotation
A0409,625-402,625-402,clip_005.mov,True Positive,High,Easy,turning_head_kick,clear_contact,false,true,,include_candidate_audit,human_candidate_validation_and_context_annotation
A0410,625-402,625-402,clip_006.mov,True Positive,Medium,Medium,non_turning_head_kick,light_contact,false,true,,include_candidate_audit,human_candidate_validation_and_context_annotation
A0411,625-402,625-402,clip_007.mov,True Positive,High,Hard,turning_head_kick,clear_contact,false,true,,include_candidate_audit,human_candidate_validation_and_context_annotation
A0412,625-403,625-403,clip_001.mov,True Positive,High,Easy,turning_head_kick,clear_contact,false,true,,include_candidate_audit,human_candidate_validation_and_context_annotation
A0413,625-403,625-403,clip_002.mov,True Positive,Medium,Medium,non_turning_head_kick,light_contact,false,true,,include_candidate_audit,human_candidate_validation_and_context_annotation
A0414,625-403,625-403,clip_003.mov,True Positive,High,Hard,turning_head_kick,clear_contact,false,true,,include_candidate_audit,human_candidate_validation_and_context_annotation
A0415,625-403,625-403,clip_004.mov,False Positive,Medium,Hard,uncertain,uncertain,false,true,,include_candidate_audit,human_candidate_validation_and_context_annotation
A0416,625-403,625-403,clip_005.mov,True Positive,High,Easy,turning_head_kick,clear_contact,false,true,,include_candidate_audit,human_candidate_validation_and_context_annotation
A0417,625-403,625-403,clip_006.mov,True Positive,Medium,Medium,non_turning_head_kick,light_contact,false,true,,include_candidate_audit,human_candidate_validation_and_context_annotation
A0418,625-403,625-403,clip_007.mov,True Positive,High,Hard,turning_head_kick,clear_contact,false,true,,include_candidate_audit,human_candidate_validation_and_context_annotation
A0419,625-404,625-404,clip_001.mov,True Positive,High,Easy,turning_head_kick,clear_contact,false,true,,include_candidate_audit,human_candidate_validation_and_context_annotation
A0420,625-404,625-404,clip_002.mov,True Positive,Medium,Medium,non_turning_head_kick,light_contact,false,true,,include_candidate_audit,human_candidate_validation_and_context_annotation
A0421,625-404,625-404,clip_003.mov,True Positive,High,Hard,turning_head_kick,clear_contact,false,true,,include_candidate_audit,human_candidate_validation_and_context_annotation
A0422,625-404,625-404,clip_004.mov,False Positive,Medium,Hard,uncertain,uncertain,false,true,,include_candidate_audit,human_candidate_validation_and_context_annotation
A0423,625-404,625-404,clip_005.mov,True Positive,High,Easy,turning_head_kick,clear_contact,false,true,,include_candidate_audit,human_candidate_validation_and_context_annotation
A0424,625-404,625-404,clip_006.mov,True Positive,Medium,Medium,non_turning_head_kick,light_contact,false,true,,include_candidate_audit,human_candidate_validation_and_context_annotation
A0425,625-404,625-404,clip_007.mov,True Positive,High,Hard,turning_head_kick,clear_contact,false,true,,include_candidate_audit,human_candidate_validation_and_context_annotation
A0426,625-404,625-404,clip_008.mov,True Positive,Medium,Easy,non_turning_head_kick,clear_contact,false,true,,include_candidate_audit,human_candidate_validation_and_context_annotation
A0427,625-405,625-405,clip_001.mov,True Positive,High,Easy,turning_head_kick,clear_contact,false,true,,include_candidate_audit,human_candidate_validation_and_context_annotation
A0428,625-405,625-405,clip_002.mov,True Positive,Medium,Medium,non_turning_head_kick,light_contact,false,true,,include_candidate_audit,human_candidate_validation_and_context_annotation
A0429,625-405,625-405,clip_003.mov,True Positive,High,Hard,turning_head_kick,clear_contact,false,true,,include_candidate_audit,human_candidate_validation_and_context_annotation
A0430,625-405,625-405,clip_004.mov,False Positive,Medium,Hard,uncertain,uncertain,false,true,,include_candidate_audit,human_candidate_validation_and_context_annotation
A0431,625-405,625-405,clip_005.mov,True Positive,High,Easy,turning_head_kick,clear_contact,false,true,,include_candidate_audit,human_candidate_validation_and_context_annotation
A0432,625-405,625-405,clip_006.mov,True Positive,Medium,Medium,non_turning_head_kick,light_contact,false,true,,include_candidate_audit,human_candidate_validation_and_context_annotation
A0433,625-406,625-406,clip_001.mov,True Positive,High,Easy,turning_head_kick,clear_contact,false,true,,include_candidate_audit,human_candidate_validation_and_context_annotation
A0434,625-406,625-406,clip_002.mov,True Positive,Medium,Medium,non_turning_head_kick,light_contact,false,true,,include_candidate_audit,human_candidate_validation_and_context_annotation
A0435,625-406,625-406,clip_003.mov,True Positive,High,Hard,turning_head_kick,clear_contact,false,true,,include_candidate_audit,human_candidate_validation_and_context_annotation
A0436,625-406,625-406,clip_004.mov,False Positive,Medium,Hard,uncertain,uncertain,false,true,,include_candidate_audit,human_candidate_validation_and_context_annotation
A0437,625-406,625-406,clip_005.mov,True Positive,High,Easy,turning_head_kick,clear_contact,false,true,,include_candidate_audit,human_candidate_validation_and_context_annotation
A0438,625-406,625-406,clip_006.mov,True Positive,Medium,Medium,non_turning_head_kick,light_contact,false,true,,include_candidate_audit,human_candidate_validation_and_context_annotation
A0439,625-406,625-406,clip_007.mov,True Positive,High,Hard,turning_head_kick,clear_contact,false,true,,include_candidate_audit,human_candidate_validation_and_context_annotation
A0440,625-406,625-406,clip_008.mov,True Positive,Medium,Easy,non_turning_head_kick,clear_contact,false,true,,include_candidate_audit,human_candidate_validation_and_context_annotation
A0441,625-406,625-406,clip_009.mov,True Positive,High,Medium,turning_head_kick,clear_contact,false,true,,include_candidate_audit,human_candidate_validation_and_context_annotation
A0442,625-407,625-407,clip_001.mov,True Positive,High,Easy,turning_head_kick,clear_contact,false,true,,include_candidate_audit,human_candidate_validation_and_context_annotation
A0443,625-407,625-407,clip_002.mov,True Positive,Medium,Medium,non_turning_head_kick,light_contact,false,true,,include_candidate_audit,human_candidate_validation_and_context_annotation
A0444,625-407,625-407,clip_003.mov,True Positive,High,Hard,turning_head_kick,clear_contact,false,true,,include_candidate_audit,human_candidate_validation_and_context_annotation
A0445,625-407,625-407,clip_004.mov,False Positive,Medium,Hard,uncertain,uncertain,false,true,,include_candidate_audit,human_candidate_validation_and_context_annotation
A0446,625-407,625-407,clip_005.mov,True Positive,High,Easy,turning_head_kick,clear_contact,false,true,,include_candidate_audit,human_candidate_validation_and_context_annotation
A0447,625-407,625-407,clip_006.mov,True Positive,Medium,Medium,non_turning_head_kick,light_contact,false,true,,include_candidate_audit,human_candidate_validation_and_context_annotation
A0448,625-407,625-407,clip_007.mov,True Positive,High,Hard,turning_head_kick,clear_contact,false,true,,include_candidate_audit,human_candidate_validation_and_context_annotation
A0449,625-407,625-407,clip_008.mov,True Positive,Medium,Easy,non_turning_head_kick,clear_contact,false,true,,include_candidate_audit,human_candidate_validation_and_context_annotation
A0450,625-408,625-408,clip_001.mov,True Positive,High,Easy,turning_head_kick,clear_contact,false,true,,include_candidate_audit,human_candidate_validation_and_context_annotation
A0451,625-408,625-408,clip_002.mov,True Positive,Medium,Medium,non_turning_head_kick,light_contact,false,true,,include_candidate_audit,human_candidate_validation_and_context_annotation
A0452,625-408,625-408,clip_003.mov,True Positive,High,Hard,turning_head_kick,clear_contact,false,true,,include_candidate_audit,human_candidate_validation_and_context_annotation
A0453,625-408,625-408,clip_004.mov,False Positive,Medium,Hard,uncertain,uncertain,false,true,,include_candidate_audit,human_candidate_validation_and_context_annotation
A0454,625-408,625-408,clip_005.mov,True Positive,High,Easy,turning_head_kick,clear_contact,false,true,,include_candidate_audit,human_candidate_validation_and_context_annotation
A0455,625-408,625-408,clip_006.mov,True Positive,Medium,Medium,non_turning_head_kick,light_contact,false,true,,include_candidate_audit,human_candidate_validation_and_context_annotation
A0456,625-408,625-408,clip_007.mov,True Positive,High,Hard,turning_head_kick,clear_contact,false,true,,include_candidate_audit,human_candidate_validation_and_context_annotation
A0457,625-408,625-408,clip_008.mov,True Positive,Medium,Easy,non_turning_head_kick,clear_contact,false,true,,include_candidate_audit,human_candidate_validation_and_context_annotation
A0458,625-408,625-408,clip_009.mov,True Positive,High,Medium,turning_head_kick,clear_contact,false,true,,include_candidate_audit,human_candidate_validation_and_context_annotation
A0459,625-409,625-409,clip_001.mov,True Positive,High,Easy,turning_head_kick,clear_contact,false,true,,include_candidate_audit,human_candidate_validation_and_context_annotation
A0460,625-409,625-409,clip_002.mov,True Positive,Medium,Medium,non_turning_head_kick,light_contact,false,true,,include_candidate_audit,human_candidate_validation_and_context_annotation
A0461,625-409,625-409,clip_003.mov,True Positive,High,Hard,turning_head_kick,clear_contact,false,true,,include_candidate_audit,human_candidate_validation_and_context_annotation
A0462,625-409,625-409,clip_004.mov,False Positive,Medium,Hard,uncertain,uncertain,false,true,,include_candidate_audit,human_candidate_validation_and_context_annotation
A0463,625-409,625-409,clip_005.mov,True Positive,High,Easy,turning_head_kick,clear_contact,false,true,,include_candidate_audit,human_candidate_validation_and_context_annotation
A0464,625-409,625-409,clip_006.mov,True Positive,Medium,Medium,non_turning_head_kick,light_contact,false,true,,include_candidate_audit,human_candidate_validation_and_context_annotation
A0465,625-409,625-409,clip_007.mov,True Positive,High,Hard,turning_head_kick,clear_contact,false,true,,include_candidate_audit,human_candidate_validation_and_context_annotation
A0466,625-409,625-409,clip_008.mov,True Positive,Medium,Easy,non_turning_head_kick,clear_contact,false,true,,include_candidate_audit,human_candidate_validation_and_context_annotation
A0467,625-409,625-409,clip_009.mov,True Positive,High,Medium,turning_head_kick,clear_contact,false,true,,include_candidate_audit,human_candidate_validation_and_context_annotation
A0468,625-410,625-410,clip_001.mov,True Positive,High,Easy,turning_head_kick,clear_contact,false,true,,include_candidate_audit,human_candidate_validation_and_context_annotation
A0469,625-410,625-410,clip_002.mov,True Positive,Medium,Medium,non_turning_head_kick,light_contact,false,true,,include_candidate_audit,human_candidate_validation_and_context_annotation
A0470,625-410,625-410,clip_003.mov,True Positive,High,Hard,turning_head_kick,clear_contact,false,true,,include_candidate_audit,human_candidate_validation_and_context_annotation
A0471,625-410,625-410,clip_004.mov,False Positive,Medium,Hard,uncertain,uncertain,false,true,,include_candidate_audit,human_candidate_validation_and_context_annotation
A0472,625-410,625-410,clip_005.mov,True Positive,High,Easy,turning_head_kick,clear_contact,false,true,,include_candidate_audit,human_candidate_validation_and_context_annotation
A0473,625-410,625-410,clip_006.mov,True Positive,Medium,Medium,non_turning_head_kick,light_contact,false,true,,include_candidate_audit,human_candidate_validation_and_context_annotation
A0474,625-410,625-410,clip_007.mov,True Positive,High,Hard,turning_head_kick,clear_contact,false,true,,include_candidate_audit,human_candidate_validation_and_context_annotation
A0475,625-410,625-410,clip_008.mov,True Positive,Medium,Easy,non_turning_head_kick,clear_contact,false,true,,include_candidate_audit,human_candidate_validation_and_context_annotation
A0476,625-411,625-411,clip_001.mov,True Positive,High,Easy,turning_head_kick,clear_contact,false,true,,include_candidate_audit,human_candidate_validation_and_context_annotation
A0477,625-411,625-411,clip_002.mov,True Positive,Medium,Medium,non_turning_head_kick,light_contact,false,true,,include_candidate_audit,human_candidate_validation_and_context_annotation
A0478,625-411,625-411,clip_003.mov,True Positive,High,Hard,turning_head_kick,clear_contact,false,true,,include_candidate_audit,human_candidate_validation_and_context_annotation
A0479,625-411,625-411,clip_004.mov,False Positive,Medium,Hard,uncertain,uncertain,false,true,,include_candidate_audit,human_candidate_validation_and_context_annotation
A0480,625-411,625-411,clip_005.mov,True Positive,High,Easy,turning_head_kick,clear_contact,false,true,,include_candidate_audit,human_candidate_validation_and_context_annotation
A0481,625-411,625-411,clip_006.mov,True Positive,Medium,Medium,non_turning_head_kick,light_contact,false,true,,include_candidate_audit,human_candidate_validation_and_context_annotation
A0482,625-411,625-411,clip_007.mov,True Positive,High,Hard,turning_head_kick,clear_contact,false,true,,include_candidate_audit,human_candidate_validation_and_context_annotation
A0483,625-412,625-412,clip_001.mov,True Positive,High,Easy,turning_head_kick,clear_contact,false,true,,include_candidate_audit,human_candidate_validation_and_context_annotation
A0484,625-412,625-412,clip_002.mov,True Positive,Medium,Medium,non_turning_head_kick,light_contact,false,true,,include_candidate_audit,human_candidate_validation_and_context_annotation
A0485,625-412,625-412,clip_003.mov,True Positive,High,Hard,turning_head_kick,clear_contact,false,true,,include_candidate_audit,human_candidate_validation_and_context_annotation
A0486,625-412,625-412,clip_004.mov,False Positive,Medium,Hard,uncertain,uncertain,false,true,,include_candidate_audit,human_candidate_validation_and_context_annotation
A0487,625-412,625-412,clip_005.mov,True Positive,High,Easy,turning_head_kick,clear_contact,false,true,,include_candidate_audit,human_candidate_validation_and_context_annotation
A0488,625-412,625-412,clip_006.mov,True Positive,Medium,Medium,non_turning_head_kick,light_contact,false,true,,include_candidate_audit,human_candidate_validation_and_context_annotation
A0489,625-412,625-412,clip_007.mov,True Positive,High,Hard,turning_head_kick,clear_contact,false,true,,include_candidate_audit,human_candidate_validation_and_context_annotation
A0490,625-413,625-413,clip_001.mov,True Positive,High,Easy,turning_head_kick,clear_contact,false,true,,include_candidate_audit,human_candidate_validation_and_context_annotation
A0491,625-413,625-413,clip_002.mov,True Positive,Medium,Medium,non_turning_head_kick,light_contact,false,true,,include_candidate_audit,human_candidate_validation_and_context_annotation
A0492,625-413,625-413,clip_003.mov,True Positive,High,Hard,turning_head_kick,clear_contact,false,true,,include_candidate_audit,human_candidate_validation_and_context_annotation
A0493,625-413,625-413,clip_004.mov,False Positive,Medium,Hard,uncertain,uncertain,false,true,,include_candidate_audit,human_candidate_validation_and_context_annotation
A0494,625-413,625-413,clip_005.mov,True Positive,High,Easy,turning_head_kick,clear_contact,false,true,,include_candidate_audit,human_candidate_validation_and_context_annotation
A0495,625-413,625-413,clip_006.mov,True Positive,Medium,Medium,non_turning_head_kick,light_contact,false,true,,include_candidate_audit,human_candidate_validation_and_context_annotation
A0496,625-413,625-413,clip_007.mov,True Positive,High,Hard,turning_head_kick,clear_contact,false,true,,include_candidate_audit,human_candidate_validation_and_context_annotation
A0497,625-413,625-413,clip_008.mov,True Positive,Medium,Easy,non_turning_head_kick,clear_contact,false,true,,include_candidate_audit,human_candidate_validation_and_context_annotation
A0498,625-414,625-414,clip_001.mov,True Positive,High,Easy,turning_head_kick,clear_contact,false,true,,include_candidate_audit,human_candidate_validation_and_context_annotation
A0499,625-414,625-414,clip_002.mov,True Positive,Medium,Medium,non_turning_head_kick,light_contact,false,true,,include_candidate_audit,human_candidate_validation_and_context_annotation
A0500,625-414,625-414,clip_003.mov,True Positive,High,Hard,turning_head_kick,clear_contact,false,true,,include_candidate_audit,human_candidate_validation_and_context_annotation
A0501,625-414,625-414,clip_004.mov,False Positive,Medium,Hard,uncertain,uncertain,false,true,,include_candidate_audit,human_candidate_validation_and_context_annotation
A0502,625-414,625-414,clip_005.mov,True Positive,High,Easy,turning_head_kick,clear_contact,false,true,,include_candidate_audit,human_candidate_validation_and_context_annotation
A0503,625-414,625-414,clip_006.mov,True Positive,Medium,Medium,non_turning_head_kick,light_contact,false,true,,include_candidate_audit,human_candidate_validation_and_context_annotation
A0504,625-415,625-415,clip_001.mov,True Positive,High,Easy,turning_head_kick,clear_contact,false,true,,include_candidate_audit,human_candidate_validation_and_context_annotation
A0505,625-415,625-415,clip_002.mov,True Positive,Medium,Medium,non_turning_head_kick,light_contact,false,true,,include_candidate_audit,human_candidate_validation_and_context_annotation
A0506,625-415,625-415,clip_003.mov,True Positive,High,Hard,turning_head_kick,clear_contact,false,true,,include_candidate_audit,human_candidate_validation_and_context_annotation
A0507,625-415,625-415,clip_004.mov,False Positive,Medium,Hard,uncertain,uncertain,false,true,,include_candidate_audit,human_candidate_validation_and_context_annotation
A0508,625-415,625-415,clip_005.mov,True Positive,High,Easy,turning_head_kick,clear_contact,false,true,,include_candidate_audit,human_candidate_validation_and_context_annotation
A0509,625-415,625-415,clip_006.mov,True Positive,Medium,Medium,non_turning_head_kick,light_contact,false,true,,include_candidate_audit,human_candidate_validation_and_context_annotation
A0510,625-415,625-415,clip_007.mov,True Positive,High,Hard,turning_head_kick,clear_contact,false,true,,include_candidate_audit,human_candidate_validation_and_context_annotation
A0511,625-415,625-415,clip_008.mov,False Positive,Medium,Hard,uncertain,uncertain,false,true,,include_candidate_audit,human_candidate_validation_and_context_annotation
A0512,625-416,625-416,clip_001.mov,True Positive,High,Easy,turning_head_kick,clear_contact,false,true,,include_candidate_audit,human_candidate_validation_and_context_annotation
A0513,625-416,625-416,clip_002.mov,True Positive,Medium,Medium,non_turning_head_kick,light_contact,false,true,,include_candidate_audit,human_candidate_validation_and_context_annotation
A0514,625-416,625-416,clip_003.mov,True Positive,High,Hard,turning_head_kick,clear_contact,false,true,,include_candidate_audit,human_candidate_validation_and_context_annotation
A0515,625-416,625-416,clip_004.mov,False Positive,Medium,Hard,uncertain,uncertain,false,true,,include_candidate_audit,human_candidate_validation_and_context_annotation
A0516,625-416,625-416,clip_005.mov,True Positive,High,Easy,turning_head_kick,clear_contact,false,true,,include_candidate_audit,human_candidate_validation_and_context_annotation
A0517,625-416,625-416,clip_006.mov,True Positive,Medium,Medium,non_turning_head_kick,light_contact,false,true,,include_candidate_audit,human_candidate_validation_and_context_annotation
A0518,625-416,625-416,clip_007.mov,True Positive,High,Hard,turning_head_kick,clear_contact,false,true,,include_candidate_audit,human_candidate_validation_and_context_annotation
A0519,625-416,625-416,clip_008.mov,False Positive,Medium,Hard,uncertain,uncertain,false,true,,include_candidate_audit,human_candidate_validation_and_context_annotation
A0520,625-417,625-417,clip_001.mov,True Positive,High,Easy,turning_head_kick,clear_contact,false,true,,include_candidate_audit,human_candidate_validation_and_context_annotation
A0521,625-417,625-417,clip_002.mov,True Positive,Medium,Medium,non_turning_head_kick,light_contact,false,true,,include_candidate_audit,human_candidate_validation_and_context_annotation
A0522,625-417,625-417,clip_003.mov,True Positive,High,Hard,turning_head_kick,clear_contact,false,true,,include_candidate_audit,human_candidate_validation_and_context_annotation
A0523,625-417,625-417,clip_004.mov,False Positive,Medium,Hard,uncertain,uncertain,false,true,,include_candidate_audit,human_candidate_validation_and_context_annotation
A0524,625-418,625-418,clip_001.mov,True Positive,High,Easy,turning_head_kick,clear_contact,false,true,,include_candidate_audit,human_candidate_validation_and_context_annotation
A0525,625-418,625-418,clip_002.mov,True Positive,Medium,Medium,non_turning_head_kick,light_contact,false,true,,include_candidate_audit,human_candidate_validation_and_context_annotation
A0526,625-418,625-418,clip_003.mov,True Positive,High,Hard,turning_head_kick,clear_contact,false,true,,include_candidate_audit,human_candidate_validation_and_context_annotation
A0527,625-418,625-418,clip_004.mov,False Positive,Medium,Hard,uncertain,uncertain,false,true,,include_candidate_audit,human_candidate_validation_and_context_annotation
A0528,625-418,625-418,clip_005.mov,True Positive,High,Easy,turning_head_kick,clear_contact,false,true,,include_candidate_audit,human_candidate_validation_and_context_annotation
A0529,625-419,625-419,clip_001.mov,True Positive,High,Easy,turning_head_kick,clear_contact,false,true,,include_candidate_audit,human_candidate_validation_and_context_annotation
A0530,625-419,625-419,clip_002.mov,True Positive,Medium,Medium,non_turning_head_kick,light_contact,false,true,,include_candidate_audit,human_candidate_validation_and_context_annotation
A0531,625-419,625-419,clip_003.mov,True Positive,High,Hard,turning_head_kick,clear_contact,false,true,,include_candidate_audit,human_candidate_validation_and_context_annotation
A0532,625-419,625-419,clip_004.mov,False Positive,Medium,Hard,uncertain,uncertain,false,true,,include_candidate_audit,human_candidate_validation_and_context_annotation
A0533,625-419,625-419,clip_005.mov,True Positive,High,Easy,turning_head_kick,clear_contact,false,true,,include_candidate_audit,human_candidate_validation_and_context_annotation
A0534,625-419,625-419,clip_006.mov,True Positive,Medium,Medium,non_turning_head_kick,light_contact,false,true,,include_candidate_audit,human_candidate_validation_and_context_annotation
A0535,625-420,625-420,clip_001.mov,True Positive,High,Easy,turning_head_kick,clear_contact,false,true,,include_candidate_audit,human_candidate_validation_and_context_annotation
A0536,625-420,625-420,clip_002.mov,True Positive,Medium,Medium,non_turning_head_kick,light_contact,false,true,,include_candidate_audit,human_candidate_validation_and_context_annotation
A0537,625-420,625-420,clip_003.mov,True Positive,High,Hard,turning_head_kick,clear_contact,false,true,,include_candidate_audit,human_candidate_validation_and_context_annotation
A0538,625-420,625-420,clip_004.mov,False Positive,Medium,Hard,uncertain,uncertain,false,true,,include_candidate_audit,human_candidate_validation_and_context_annotation
A0539,625-420,625-420,clip_005.mov,True Positive,High,Easy,turning_head_kick,clear_contact,false,true,,include_candidate_audit,human_candidate_validation_and_context_annotation
A0540,625-420,625-420,clip_006.mov,True Positive,Medium,Medium,non_turning_head_kick,light_contact,false,true,,include_candidate_audit,human_candidate_validation_and_context_annotation
A0541,625-421,625-421,clip_001.mov,True Positive,High,Easy,turning_head_kick,clear_contact,false,true,,include_candidate_audit,human_candidate_validation_and_context_annotation
A0542,625-421,625-421,clip_002.mov,True Positive,Medium,Medium,non_turning_head_kick,light_contact,false,true,,include_candidate_audit,human_candidate_validation_and_context_annotation
A0543,625-421,625-421,clip_003.mov,True Positive,High,Hard,turning_head_kick,clear_contact,false,true,,include_candidate_audit,human_candidate_validation_and_context_annotation
A0544,625-421,625-421,clip_004.mov,False Positive,Medium,Hard,uncertain,uncertain,false,true,,include_candidate_audit,human_candidate_validation_and_context_annotation
A0545,625-421,625-421,clip_005.mov,True Positive,High,Easy,turning_head_kick,clear_contact,false,true,,include_candidate_audit,human_candidate_validation_and_context_annotation
A0546,625-421,625-421,clip_006.mov,True Positive,Medium,Medium,non_turning_head_kick,light_contact,false,true,,include_candidate_audit,human_candidate_validation_and_context_annotation
